{
  "Workflows": [
    {
      "Path": null,
      "SortBy": 0,
      "VariablesSectionElementsOrder": [],
      "ArgumentsSectionElementsOrder": null,
      "ConstantsSectionElementsOrder": [],
      "AddedNamespaces": null
    },
    {
      "Path": "Main.xaml",
      "SortBy": 0,
      "VariablesSectionElementsOrder": [
        "jsonArr&Sequence_1",
        "dataArray&Sequence_1",
        "data&Sequence_1",
        "color&Sequence_1",
        "FilteredJsonDt&Sequence_1",
        "JsonDT&Sequence_1",
        "JobjResponse&Sequence_1",
        "strResponseContent&Sequence_1",
        "IntAllStatus&Sequence_1"
      ],
      "ArgumentsSectionElementsOrder": [],
      "ConstantsSectionElementsOrder": [],
      "AddedNamespaces": null
    }
  ]
}