{
  "Workflows": [
    {
      "Path": null,
      "SortBy": 0,
      "VariablesSectionElementsOrder": [],
      "ArgumentsSectionElementsOrder": null,
      "ConstantsSectionElementsOrder": [],
      "AddedNamespaces": null
    },
    {
      "Path": "SkyScannerOpen.xaml",
      "SortBy": 0,
      "VariablesSectionElementsOrder": [],
      "ArgumentsSectionElementsOrder": [
        "qwf",
        "in_Url_Skyscanner"
      ],
      "ConstantsSectionElementsOrder": [],
      "AddedNamespaces": null
    },
    {
      "Path": "Main.xaml",
      "SortBy": 0,
      "VariablesSectionElementsOrder": [
        "qwf&Sequence_1",
        "Path_Flight&Sequence_1",
        "Url_SkyScanner&Sequence_1",
        "dt_Flight&Sequence_1"
      ],
      "ArgumentsSectionElementsOrder": [],
      "ConstantsSectionElementsOrder": [],
      "AddedNamespaces": null
    },
    {
      "Path": "SkyScannerSearch.xaml",
      "SortBy": 0,
      "VariablesSectionElementsOrder": [
        "sayac&Sequence_7",
        "adult&Sequence_7",
        "child&Sequence_7",
        "Retry&Sequence_7",
        "year&Sequence_7",
        "month&Sequence_7",
        "day&Sequence_7",
        "NewDateFormat&Sequence_7",
        "ParsedDate&Sequence_7",
        "inputDate&Sequence_7"
      ],
      "ArgumentsSectionElementsOrder": [
        "in_FlightDT",
        "in_Url_Sky",
        "qwf"
      ],
      "ConstantsSectionElementsOrder": [],
      "AddedNamespaces": null
    },
    {
      "Path": "SkyScanner.xaml",
      "SortBy": 0,
      "VariablesSectionElementsOrder": [
        "qwf&Sequence_5"
      ],
      "ArgumentsSectionElementsOrder": [
        "in_dt_Flight",
        "in_UrlSkyScanner"
      ],
      "ConstantsSectionElementsOrder": [],
      "AddedNamespaces": null
    }
  ]
}