{
  "Workflows": [
    {
      "Path": null,
      "SortBy": 0,
      "VariablesSectionElementsOrder": [],
      "ArgumentsSectionElementsOrder": null,
      "ConstantsSectionElementsOrder": [],
      "AddedNamespaces": null
    },
    {
      "Path": "Main.xaml",
      "SortBy": 0,
      "VariablesSectionElementsOrder": [
        "Gonderilecek_MailAdres&Sequence_1",
        "IlanlarDT&Sequence_1",
        "MailAdresi&Sequence_1",
        "ExcelPath_File&Sequence_1",
        "ExcelPath_Folder&Sequence_1",
        "Url_KiralikDaire&Sequence_1",
        "qwf&Sequence_1"
      ],
      "ArgumentsSectionElementsOrder": [],
      "ConstantsSectionElementsOrder": [],
      "AddedNamespaces": null
    },
    {
      "Path": "GetExcelFromMail.xaml",
      "SortBy": 0,
      "VariablesSectionElementsOrder": [
        "Bln_Excel&Sequence_1",
        "MailList&Sequence_1",
        "qwf&Sequence_1"
      ],
      "ArgumentsSectionElementsOrder": [
        "in_ExcelPath_File",
        "in_ExcelPath_Folder",
        "in_mailAdresi"
      ],
      "ConstantsSectionElementsOrder": [],
      "AddedNamespaces": null
    },
    {
      "Path": "Read_IlanlarExcel.xaml",
      "SortBy": 0,
      "VariablesSectionElementsOrder": [
        "qwf&Sequence_1"
      ],
      "ArgumentsSectionElementsOrder": [
        "in_IlanlarExcelPath",
        "out_IlanlarDt"
      ],
      "ConstantsSectionElementsOrder": [],
      "AddedNamespaces": null
    },
    {
      "Path": "Sahibinden_SiteIslemleri.xaml",
      "SortBy": 0,
      "VariablesSectionElementsOrder": [
        "qwf&Sequence_1",
        "qwt&Sequence_1"
      ],
      "ArgumentsSectionElementsOrder": [
        "in_ExcelPathIlanlar",
        "in_SahibindenUrl",
        "in_IlanlarDt"
      ],
      "ConstantsSectionElementsOrder": [],
      "AddedNamespaces": null
    },
    {
      "Path": "SahibindenOpen.xaml",
      "SortBy": 0,
      "VariablesSectionElementsOrder": [],
      "ArgumentsSectionElementsOrder": [
        "qwf",
        "in_SahibindenUrl"
      ],
      "ConstantsSectionElementsOrder": [],
      "AddedNamespaces": null
    },
    {
      "Path": "SahibindenSearch.xaml",
      "SortBy": 0,
      "VariablesSectionElementsOrder": [
        "blnAramaBulunamadi&Sequence_3",
        "out_ResultDt&Sequence_1",
        "blnOdaSayisi&Sequence_10",
        "MinBrut&Sequence_1",
        "OdaSayisi&Sequence_1",
        "MinTL&Sequence_1",
        "ilceAdi&Sequence_1",
        "SehirAdi&Sequence_1"
      ],
      "ArgumentsSectionElementsOrder": [
        "in_ExcelPath",
        "qwf",
        "in_IlanlarDt",
        "in_UrlSahibinden"
      ],
      "ConstantsSectionElementsOrder": [],
      "AddedNamespaces": null
    },
    {
      "Path": "CreateReportExcel.xaml",
      "SortBy": 0,
      "VariablesSectionElementsOrder": [
        "qwf&Sequence_1"
      ],
      "ArgumentsSectionElementsOrder": [
        "in_Ilceismi",
        "in_Sehir",
        "in_ExcelPath",
        "in_ReportDt"
      ],
      "ConstantsSectionElementsOrder": [],
      "AddedNamespaces": null
    },
    {
      "Path": "SendMail_Excel.xaml",
      "SortBy": 0,
      "VariablesSectionElementsOrder": [
        "subjectMail&Sequence_1",
        "ResultDt&Sequence_1",
        "MailTable&Sequence_1",
        "qwf&Sequence_1"
      ],
      "ArgumentsSectionElementsOrder": [
        "in_ExcelPathResult",
        "in_MailAddress"
      ],
      "ConstantsSectionElementsOrder": [],
      "AddedNamespaces": null
    }
  ]
}