{
  "Workflows": [
    {
      "Path": null,
      "SortBy": 0,
      "VariablesSectionElementsOrder": [],
      "ArgumentsSectionElementsOrder": null,
      "ConstantsSectionElementsOrder": [],
      "AddedNamespaces": null
    },
    {
      "Path": "Main.xaml",
      "SortBy": 0,
      "VariablesSectionElementsOrder": [
        "TransactionItem&StateMachine_1",
        "SystemException&StateMachine_1",
        "BusinessException&StateMachine_1",
        "TransactionNumber&StateMachine_1",
        "Config&StateMachine_1",
        "RetryNumber&StateMachine_1",
        "TransactionField2&StateMachine_1",
        "TransactionField1&StateMachine_1",
        "TransactionID&StateMachine_1",
        "dt_TransactionData&StateMachine_1",
        "ConsecutiveSystemExceptions&StateMachine_1",
        "ShouldStop&Sequence_25"
      ],
      "ArgumentsSectionElementsOrder": [
        "in_OrchestratorQueueName",
        "in_OrchestratorQueueFolder"
      ],
      "ConstantsSectionElementsOrder": [],
      "AddedNamespaces": null
    },
    {
      "Path": "Framework/InitAllSettings.xaml",
      "SortBy": 0,
      "VariablesSectionElementsOrder": [
        "dt_SettingsAndConstants&Sequence_5",
        "dt_Assets&Sequence_6",
        "AssetValue&Sequence_11"
      ],
      "ArgumentsSectionElementsOrder": [
        "in_ConfigFile",
        "in_ConfigSheets",
        "out_Config"
      ],
      "ConstantsSectionElementsOrder": [],
      "AddedNamespaces": null
    },
    {
      "Path": "Framework/InitAllApplications.xaml",
      "SortBy": 0,
      "VariablesSectionElementsOrder": [
        "DownloadFolderPath&Sequence_9",
        "CurrentQueueItems&Sequence_9",
        "DateTime&Sequence_9",
        "VendorListDt&Sequence_9"
      ],
      "ArgumentsSectionElementsOrder": [
        "in_Config"
      ],
      "ConstantsSectionElementsOrder": [],
      "AddedNamespaces": null
    },
    {
      "Path": "Login_ACME/LoginAcme.xaml",
      "SortBy": 0,
      "VariablesSectionElementsOrder": [],
      "ArgumentsSectionElementsOrder": [
        "AcmeURL",
        "Email",
        "Password"
      ],
      "ConstantsSectionElementsOrder": [],
      "AddedNamespaces": null
    },
    {
      "Path": "DownloadVendorList.xaml",
      "SortBy": 0,
      "VariablesSectionElementsOrder": [
        "DateTime&Sequence_1"
      ],
      "ArgumentsSectionElementsOrder": [],
      "ConstantsSectionElementsOrder": [],
      "AddedNamespaces": null
    },
    {
      "Path": "AddStatusColumn.xaml",
      "SortBy": 0,
      "VariablesSectionElementsOrder": [],
      "ArgumentsSectionElementsOrder": [
        "out_DateTime",
        "out_VendorListDt"
      ],
      "ConstantsSectionElementsOrder": [],
      "AddedNamespaces": null
    },
    {
      "Path": "Framework/Process.xaml",
      "SortBy": 0,
      "VariablesSectionElementsOrder": [
        "ResultDT&Sequence_1"
      ],
      "ArgumentsSectionElementsOrder": [
        "in_TransactionItem",
        "in_Config"
      ],
      "ConstantsSectionElementsOrder": [],
      "AddedNamespaces": null
    },
    {
      "Path": "TaxIDControl.xaml",
      "SortBy": 0,
      "VariablesSectionElementsOrder": [],
      "ArgumentsSectionElementsOrder": [
        "out_ResultDT",
        "in_TaxID"
      ],
      "ConstantsSectionElementsOrder": [],
      "AddedNamespaces": null
    },
    {
      "Path": "GetResultDT_Control.xaml",
      "SortBy": 0,
      "VariablesSectionElementsOrder": [
        "VendorList&Sequence_1",
        "DateTime&Sequence_1"
      ],
      "ArgumentsSectionElementsOrder": [
        "in_TaxID",
        "in_DownloadFolderPath",
        "in_ResultDT"
      ],
      "ConstantsSectionElementsOrder": [],
      "AddedNamespaces": null
    },
    {
      "Path": "SendMail.xaml",
      "SortBy": 0,
      "VariablesSectionElementsOrder": [
        "DateTime&Sequence_1"
      ],
      "ArgumentsSectionElementsOrder": [
        "in_MailAdres",
        "in_DownloadFolderPath"
      ],
      "ConstantsSectionElementsOrder": [],
      "AddedNamespaces": null
    },
    {
      "Path": "Framework/CloseAllApplications.xaml",
      "SortBy": 0,
      "VariablesSectionElementsOrder": [],
      "ArgumentsSectionElementsOrder": [
        "in_Config"
      ],
      "ConstantsSectionElementsOrder": [],
      "AddedNamespaces": null
    }
  ]
}